ID,Name,Street,Phone
1,Gerry Schaefer,Elizbeth Carroll Street  ,9624155983
2,Lizabeth Armstrong,Art Kirlin Street  ,6174621765
3,Ming Veum,Eusebio Pagac Street  ,6845739684
4,Marcelino Larson,Jules Gutkowski Road  ,1594525216
5,Brooke Ortiz,Monte Predovic Road  ,7618645478
6,Russell Towne,Adrian Maggio Avenue  ,3782511273
7,Ermelinda Beer,Argelia Bergnaum Avenue  ,1946574623
8,Thersa Frami,Asley Simonis Avenue  ,5369876185
9,Lashon Considine,Dave Raynor Road  ,6743769374
10,Chae Rohan,Edith Lemke Street  ,2341399531
11,Hortencia White,Duncan Quitzon Avenue  ,1563788529
12,Abby Schneider,Neil Buckridge Avenue  ,9236854295
13,Aretha Grady,Janis Kuhn Street  ,7513178426
14,Mercy Christiansen,Sena Lind Street  ,3625939857
15,Rosann Bernhard,Kory Conroy Street  ,3188458354
16,Gail Stamm,Ricardo Blick Street  ,4871433916
17,Wendi Lang,Lucien West Road  ,3918562765
18,Troy Daniel,Elidia Swaniawski Road  ,9355389587
19,Aletha Blanda,Leeanna Runolfsson Avenue  ,6282517365
20,Laverne Hudson,Sammie Harris Avenue  ,7511951392
21,Jeanette Armstrong,Melisa Hodkiewicz Avenue  ,9689319182
22,Merideth Schoen,Curtis Paucek Avenue  ,8369431495
23,Joseph Schuppe,Raquel Wintheiser Avenue  ,5612394735
24,Myrtle Hickle,Letty Lubowitz Street  ,7623471478
25,Laverne Walsh,Ignacio McDermott Street  ,6521724639
26,Vonda Streich,Kevin Lesch Avenue  ,5349828194
27,Cierra Zulauf,Willette Lindgren Street  ,2395488561
28,Susanna Klein,Malcom Hickle Avenue  ,1522576192
29,Gilma Stokes,Rowena Rolfson Road  ,4535487814
30,Versie Satterfield,Jack Kerluke Street  ,9457894597
31,Augustina Becker,Kyle Luettgen Road  ,8146876531
32,Alec Zemlak,Hiroko Price Avenue  ,2548673129
33,Emmanuel Rau,Letisha Mills Road  ,5274631925
34,Louie Beer,Crista Bergstrom Street  ,4389746512
35,Sandy Wiza,Tobias Kovacek Road  ,5872419672
36,Jesus Heller,Liane Bartoletti Road  ,2156243267
37,Liz Fisher,Jen Wisozk Street  ,7183466859
38,Cheyenne Bailey,Jose Bradtke Street  ,6814131834
39,Lera Gutmann,Wiley Lang Street  ,4586879547
40,Cicely Walsh,Efren Schneider Avenue  ,5284398546
41,Benton Hintz,Darren Kiehn Avenue  ,4355983651
42,Caroll Goldner,Ernesto Kerluke Road  ,3658912946
43,Isidro Wiegand,Fred Gerlach Avenue  ,5272387341
44,Brett Berge,Xiomara Zulauf Street  ,6271932137
45,Luci Parker,Maryalice Braun Street  ,9819173869
46,Winfred Conroy,Isidro McGlynn Avenue  ,6599162748
47,Mittie Mann,Herta Will Road  ,1357538417
48,Miesha Orn,Deann Aimonetti Avenue  ,8126217814
49,Charolette Huels,Donn Koepp Road  ,3214861537
50,Luther Heathcote,Wilson Tromp Avenue  ,3253689451
51,Ha Marvin,Bobbi Rice Street  ,2837814527
52,Tyron Kuhic,Velva Wilderman Street  ,3126318729
53,Phillis Bahringer,Dominga Cole Avenue  ,3943624369
54,Lucien Harris,Robbie Romaguera Street  ,3182787942
55,Valrie Wehner,Marilee Kertzmann Road  ,7697614972
56,Diego Quigley,Desmond Windler Road  ,2549728269
57,Terrence Homenick,Lon O'Kon Road  ,1644258139
58,Alden Nitzsche,Mirtha Wyman Avenue  ,8762647829
59,Ferne Schiller,Tonja Altenwerth Road  ,6284532659
60,Mose Kemmer,Giovanni Mosciski Street  ,3974314913
61,Sulema McLaughlin,Fernando Schinner Avenue  ,7321788913
62,Inez Rice,Michal Rolfson Avenue  ,7136316893
63,Colton Hermiston,Ashton Kulas Avenue  ,9464724786
64,Fatima Ledner,Val Frami Road  ,9872682437
65,Abe Bartell,Garth Schmidt Street  ,9587148724
66,Isabell Greenholt,Lynn Schaden Street  ,4527927923
67,Nevada Hickle,Elizabeth Ziemann Street  ,2659477695
68,Owen Fisher,Magen Jones Avenue  ,8294728364
69,Lara Rodriguez,Virgil Jewess Avenue  ,4718539427
70,Lane Johnston,Elwood Mayert Road  ,8735419358
71,Gilberto Breitenberg,Bruno Kris Street  ,4564982875
72,Carmine Boyle,Russell Doyle Avenue  ,7569124387
73,Abe Hane,Mignon Steuber Road  ,7645273764
74,Sergio Jewess,Lisandra Kub Avenue  ,1848175671
75,Leonie Goodwin,Winston Murphy Avenue  ,6425891893
76,Thomas Strosin,Awilda Orn Avenue  ,3476957298
77,Louise Hirthe,Jo Franecki Street  ,9876944869
78,Chantel Crooks,Molly Kuphal Street  ,6986435934
79,Fredrick Predovic,Benny White Avenue  ,8731341769
80,Trinidad Labadie,Krystle Daugherty Street  ,4373543156
81,Shena Ratke,Birdie Conn Road  ,2549311829
82,Theresia Runolfsdottir,Thomasina Glover Street  ,8423857364
83,Marya Ward,Perry Farrell Road  ,9319789123
84,Albert West,Vania Berge Avenue  ,6721625936
85,Merrill Kub,Laureen Schneider Avenue  ,1632549475
86,Robt Bechtelar,Alexandra Parisian Avenue  ,8348343854
87,Brian Ritchie,Pierre Rohan Avenue  ,7152694692
88,Lula Lakin,Davis O'Keefe Avenue  ,5916329516
89,Aimee Morissette,Rocky Graham Street  ,7417915792
90,Brianne Grady,Tressie Greenholt Avenue  ,6851368745
91,Marvel Heidenreich,Donald Berge Road  ,7432399723
92,Benny Bernier,Janine Ferry Road  ,9582698921
93,Claude Blick,Concepcion Lubowitz Avenue  ,4654915763
94,Reed Von,Pauline Herman Street  ,1868258917
95,Shawn Boyer,Leontine Kutch Street  ,5482789126
96,Jarod Reilly,Elda Lockman Avenue  ,9327938921
97,Freda Hackett,Antonia Bailey Road  ,7415961256
98,Kitty Gutmann,Jani Rogahn Street  ,5648272719
99,Marna Brakus,Dana Kulas Road  ,4159418753
100,Shu Abshire,Kylee Schiller Avenue  ,5468139458
101,Antonia Jast,Micah Rosenbaum Road  ,2611693956
102,Octavia Quitzon,Willodean Torphy Avenue  ,8655783695
103,Angelique Mosciski,Darleen Ruecker Road  ,5191953471
104,Darron Schuster,Johna Boyle Street  ,3672695731
105,Analisa Sporer,Odell Prosacco Road  ,8216353815
106,Kasha Monahan,Jeanne Huel Street  ,4563654652
107,Jacques Kozey,Catrina Blanda Street  ,6298131492
108,Joshua Considine,Thanh Windler Road  ,3183271975
109,Nannette Abbott,Torrie Schoen Street  ,7682185467
110,Gerardo Weimann,Benjamin Moore Road  ,4981754986
111,Joann Weber,Lionel Hermiston Street  ,9877496745
112,Fernando Wolff,Otis Zboncak Avenue  ,4317633127
113,Taryn Durgan,Fred Davis Road  ,5846812761
114,Mason Ernser,Chang Tillman Avenue  ,5294623754
115,Maryetta Mills,Millie Barrows Avenue  ,5682416459
116,Steven Mraz,Blake Gorczany Road  ,9829369534
117,Jed Bradtke,Brady Christiansen Avenue  ,9312692548
118,Noriko Olson,Rogelio Sanford Road  ,4128471798
119,Nathanael Pfannerstill,Florencio Blick Avenue  ,3476746432
120,Lory Corwin,Phil Veum Street  ,8638962896
121,Zelma Larson,Lakeshia Larkin Street  ,7919188295
122,Cruz Schuster,Alfonso Ortiz Avenue  ,8157152785
123,Shawnee Schultz,Johnny Berge Road  ,5483866928
124,Cheri Heathcote,Anna Weissnat Avenue  ,7594624678
125,Randall Franecki,Wei Terry Road  ,4196424671
126,Shanda Stark,Seth Stokes Avenue  ,2399548752
127,Lavern Cremin,Usha Herman Street  ,6753186127
128,Renata Bernhard,Riley Kulas Road  ,1624373967
129,Arlene Wuckert,Beverly Schumm Avenue  ,5189814623
130,Lonnie Kreiger,Mary Medhurst Road  ,6734733276
131,Darwin Mann,Grant Gerhold Avenue  ,6295376875
132,Mei Pfeffer,Miss Purdy Avenue  ,5912792495
133,Marcela Dooley,Colby Lowe Road  ,6781281549
134,Harriette Kovacek,Henry Dietrich Avenue  ,4871821473
135,Harry Vandervort,Delila Braun Street  ,2186356473
136,Theron Leuschke,Donnie Goyette Avenue  ,2165785842
137,Barney Kreiger,Micheal Bednar Street  ,9816254976
138,Herlinda Upton,Frances Renner Avenue  ,5631931469
139,Tyrell Hauck,Cody Adams Street  ,4784963469
140,Ulysses Breitenberg,Tyisha Grimes Road  ,1741872176
141,Erasmo Huel,Miles Thompson Avenue  ,9839481689
142,Edgardo Schuppe,Rocky Hermann Avenue  ,2562783428
143,Rosendo Hoppe,Hortencia Barrows Road  ,8249428619
144,Judson Aufderhar,Rufina Champlin Street  ,8235915271
145,Danilo Luettgen,Federico Oberbrunner Avenue  ,6534762395
146,Joanne Parker,Hildred McDermott Road  ,5819766731
147,Rochell Deckow,Micheal Johnston Avenue  ,8271399215
148,Leia Leffler,Lauren Walsh Avenue  ,1635267158
149,Bill Glover,Cheryl Cummerata Road  ,7831587836
150,Ricardo Nader,Melva Feest Avenue  ,6725746178
151,Arlyne Schamberger,Shirely Luettgen Street  ,3819278759
152,Hertha Lehner,Elmer Barton Road  ,4178466158
153,Gertrude Weissnat,Hyacinth Ritchie Road  ,5942953962
154,Ronni Kutch,Katia Baumbach Avenue  ,3452144562
155,Kerry Kilback,Inell Herman Street  ,4275869651
156,Maria Stehr,Catarina Towne Avenue  ,2346899164
157,Inell Bashirian,Blair Greenholt Street  ,1937295281
158,Dawne Walker,Julio Quitzon Street  ,8392839715
159,Margaretta Parker,Shon Gutmann Avenue  ,6596456891
160,Yvette Johns,Leonard Gerlach Street  ,5726788146
161,Antoinette Quitzon,Jamison Schroeder Street  ,4751541497
162,Cole Rice,Johnathon Klein Street  ,5414628974
163,Dania Bahringer,Terrie Erdman Street  ,8197522376
164,Jack Lueilwitz,Madge Parisian Avenue  ,8148395867
165,Pamela Mann,Chantay Wyman Road  ,8266735946
166,Vince Beer,Adelle Pouros Road  ,7156373124
167,Chanda Connelly,Tristan Walker Street  ,1578524328
168,Keena McGlynn,Willian Morissette Street  ,5946417185
169,Rodrigo Ankunding,Kasey Cremin Road  ,5691253627
170,Bernardo Strosin,Ruthann Moen Avenue  ,6835193742
171,Landon Stroman,Matt Johns Avenue  ,9718611942
172,Wallace Bruen,Latoya Reynolds Avenue  ,6745464263
173,Damion Hilpert,Jasmin Braun Avenue  ,7344354869
174,Dia Hyatt,Jared Kshlerin Road  ,5233642895
175,Rod McDermott,Keva Rutherford Road  ,9765424871
176,Dewey O'Keefe,Ramon Dietrich Road  ,3756898429
177,Janis Flatley,Nickole Schultz Avenue  ,8694697164
178,Joseph Leannon,Lavenia Herman Street  ,8942538319
179,Man Runte,Darnell Marks Street  ,4385147124
180,Vincenzo Mante,Philip Abernathy Avenue  ,1852388356
181,Karrie Durgan,Audrie Tremblay Avenue  ,6541975271
182,Charlotte McCullough,Betsey Zboncak Avenue  ,6825499716
183,Lorretta Abbott,Trey Kessler Avenue  ,2436329152
184,Ruben Russel,Darla Parker Road  ,9548358591
185,Jolanda Feeney,Eloisa Dickinson Street  ,7345742397
186,Sandy Bartell,Cara Rohan Road  ,7487158629
187,Emile Huels,Dwana Lind Road  ,3823513179
188,Shelba Sawayn,Erik Bauch Road  ,3712168974
189,Keisha Koss,Hyman Deckow Street  ,2391922783
190,Trevor Feest,Carmen Connelly Avenue  ,1942981843
191,Ron King,Geoffrey Bernhard Avenue  ,1271433598
192,Rhoda Rath,Domenic Price Avenue  ,4399417148
193,Bernardo Jast,Luke Lindgren Avenue  ,3618734581
194,Tobias Oberbrunner,Keva Sanford Road  ,4236929785
195,Orville Marquardt,Jared Lueilwitz Street  ,5733689836
196,Esta Beatty,Eloy Moore Avenue  ,6912731968
197,Alexander Wisoky,Kindra Koelpin Street  ,5417817561
198,Dexter Jacobi,Zina Funk Road  ,5326375982
199,Mandi Bailey,Russ Fisher Street  ,5922988593
200,Avril Macejkovic,Antonio Morissette Street  ,3595434687
201,Tracy Aufderhar,Many Hyatt Avenue  ,8462675189
202,Melva Bashirian,Charita Bergstrom Street  ,8429567263
203,Alfonzo Mayert,Dominick Lueilwitz Road  ,2163273174
204,Clemente Beatty,Malcolm Graham Street  ,1453712586
205,Antwan Macejkovic,Alene Douglas Avenue  ,8918168621
206,Trevor Fay,Merrill Nitzsche Avenue  ,4939163289
207,Florinda Kirlin,Verdell Cormier Road  ,5718148921
208,Shyla Zulauf,Marry Dibbert Street  ,2549328123
209,Alexia Moore,Ammie Sawayn Road  ,1323812954
210,Nickolas Koepp,Tena Walsh Street  ,4963158732
211,Samella Mitchell,Gregorio Smith Street  ,8439267284
212,Lai O'Hara,Israel Hegmann Road  ,3493273617
213,Leonel Ondricka,Oliver Bashirian Road  ,7246576591
214,Elene Ziemann,John Huel Avenue  ,9168138574
215,Gail Hagenes,Shirl Gottlieb Avenue  ,8346958927
216,Dee Bradtke,Joana Jast Road  ,7531494183
217,Emanuel Nitzsche,Rafael Grant Avenue  ,4139365139
218,Roxana Koch,Matthew Reynolds Road  ,8219834327
219,Jay Denesik,Eilene Zemlak Avenue  ,1498134637
220,Daniell McKenzie,Krista Kertzmann Street  ,3986488743
221,David Fadel,Desiree Lowe Street  ,8953728453
222,Carmelina Lehner,Merideth Breitenberg Avenue  ,6326359285
223,Latoyia Corwin,Joaquin Mayert Avenue  ,8959288349
224,Claudio Bechtelar,Lecia Metz Road  ,2687642597
225,Harley Bosco,Bailey Marquardt Avenue  ,9814136751
226,Ronda Reinger,Savanna Botsford Road  ,9289276712
227,Mervin Jewess,Merissa Keeling Street  ,7198323481
228,Camellia Sauer,Kate Gislason Avenue  ,6795799742
229,Fernando Weber,Jonathan Douglas Avenue  ,2547988235
230,Yvonne White,Faye Medhurst Street  ,7398928324
231,Fausto Bauch,Crystle Streich Road  ,4812832591
232,Daria Botsford,Francie Beier Street  ,4167319742
233,Hugo Walsh,Adam Ratke Road  ,9158617163
234,Blanca Bauch,Armand Kuhn Avenue  ,5298727953
235,Tabatha Walsh,Laveta Zulauf Avenue  ,6878921839
236,Cordell Rempel,Brooke Murazik Road  ,9628493845
237,Woodrow Johns,Angelic Hahn Street  ,5828156485
238,Kristen Strosin,Sally Balistreri Street  ,8326136873
239,Arron Hamill,Pete Nolan Road  ,5715725498
240,So Mayert,Thersa Mills Avenue  ,2848179356
241,Gwenn Mann,Angelo Hane Avenue  ,5276518196
242,Horace Predovic,Corinne Sporer Road  ,6188355816
243,Marth Runolfsdottir,Kassandra Legros Street  ,8915763419
244,Cristopher Lakin,Cristen DuBuque Street  ,2878654596
245,Marquita Shields,Rodolfo Pacocha Street  ,5239521584
246,Gary Jones,Rubin Bins Road  ,9216747456
247,Lucien Hoppe,Joaquin Toy Road  ,1921649836
248,Gwen Ward,Aisha Bernhard Avenue  ,8939686924
249,Lyman Crooks,Anderson Heathcote Street  ,2453249248
250,Cathy Champlin,Fredric Bosco Avenue  ,2375863241
251,Delbert Baumbach,Dorie Marquardt Avenue  ,4972157153
252,Telma Christiansen,Valene Olson Avenue  ,9829171745
253,Chet Kuphal,Kandi Graham Avenue  ,4311734123
254,Brain Considine,Fernando Kiehn Road  ,2562145298
255,Willian Considine,Bette O'Connell Road  ,3674266537
256,Hermina Strosin,Ward Crist Street  ,1827856428
257,Sidney Balistreri,Bernice Jacobson Avenue  ,7131326153
258,Chang Nader,Sammy Rolfson Street  ,2879316784
259,Cory Brekke,Felica Kulas Road  ,2936794126
260,Jess McLaughlin,Zane Rogahn Avenue  ,7947212413
261,Ariel Fadel,Jerome Hackett Road  ,1826293216
262,Michael Bergnaum,Millicent Tillman Avenue  ,2899423254
263,Dino Klocko,Guadalupe Harris Avenue  ,8152831672
264,Leighann Abbott,Alma Jacobs Road  ,6923419325
265,Shana Yundt,Krystal Stroman Avenue  ,3897413927
266,Leta Heaney,Clair Jast Avenue  ,1276848376
267,Elfreda Towne,Sammie Lueilwitz Road  ,4125262718
268,Blake Pfannerstill,Curtis Becker Road  ,3182595312
269,Raul Waelchi,Coleman Lakin Avenue  ,7928461584
270,Mickey Homenick,Ira Wolf Street  ,5481527489
271,Ola Volkman,Tanner Gleichner Road  ,8532351236
272,Filiberto Upton,Adan Skiles Road  ,9477327416
273,Katharyn Dare,Brad Kilback Avenue  ,7815362146
274,Johnna Sauer,Steve Frami Street  ,3973272863
275,Felton O'Connell,Florrie Towne Street  ,7192574852
276,Jann Lindgren,Marylouise Cummings Road  ,3797284765
277,Keith Streich,Mui Welch Avenue  ,1384365719
278,Jermaine Hodkiewicz,Jayson McKenzie Street  ,6384868964
279,Susy Stiedemann,Lawrence Terry Road  ,2947482875
280,Detra Boyle,Erlene Boehm Street  ,2989236931
281,Scott Graham,Lester Collier Street  ,9319386251
282,Leslie O'Keefe,Myra Stoltenberg Avenue  ,2943122487
283,Tennie Roob,Gregory Kling Road  ,7851348346
284,Hai Runte,Dorcas Hudson Road  ,4187867692
285,Ronald Sipes,Tracey Boyer Street  ,7398931532
286,Trent Fahey,Emmanuel Schoen Road  ,9189249423
287,Omar Lindgren,Ressie Hahn Road  ,9431381425
288,Brande Bosco,Bok Beatty Road  ,3819641342
289,Faith Anderson,Adolfo Gorczany Avenue  ,8676716452
290,Lindsay Eichmann,Jimmy Koepp Avenue  ,4537432896
291,Lonna Price,Robert Schinner Street  ,8635382895
292,Chu Howe,Ronny Jones Road  ,4935236193
293,Rubye Ledner,Wilton Wunsch Avenue  ,6426821528
294,Tyrell Cormier,Carri Smitham Avenue  ,6275689453
295,Teodoro Leannon,Isabella Walsh Avenue  ,7681325984
296,Hipolito McDermott,Stephan VonRueden Road  ,2179474391
297,Sulema Nienow,Phil Boyle Road  ,1595728374
298,Lavonda Casper,Iraida Price Avenue  ,2519782751
299,Clarine Metz,Sherise Kilback Avenue  ,5674682671
300,Amiee Schultz,Lillian Bergstrom Avenue  ,5263845281
301,Meredith Lemke,Donovan Zemlak Avenue  ,2711257526
302,Kallie Heathcote,Macy Nolan Street  ,6844128312
303,Jeremy Deckow,Merlin Huels Road  ,4183897145
304,Amado Braun,Shad Hyatt Avenue  ,4362489718
305,Kizzy Hahn,Faustino Hartmann Street  ,8132685346
306,Prince Bernier,Agnes Schumm Street  ,2981649532
307,Buddy Eichmann,Barton Schinner Road  ,9218122869
308,Osvaldo Barton,Clay Buckridge Avenue  ,7566784563
309,Natasha Green,Lakenya Murphy Street  ,9263717256
310,Michelle Eichmann,Bennie Herman Avenue  ,4259342813
311,Octavia Hintz,Roderick Ondricka Avenue  ,4934682614
312,Huong Howell,Ninfa Conn Street  ,4767599236
313,Delora Schuster,Tessa Schmitt Road  ,8173124291
314,Terina Block,Josef Spencer Avenue  ,1627345498
315,Lucien Bartoletti,Racquel Gutmann Avenue  ,1928126273
316,Niesha Gutkowski,Stephen Wilkinson Road  ,7618652754
317,Daron Wolff,Rebeca Beier Avenue  ,7413683596
318,Keenan Kunde,Isa Bode Street  ,7289636793
319,Doretha Erdman,Murray Hudson Avenue  ,4927958927
320,Dante Reichert,Doug Leannon Avenue  ,3796523298
321,Hester Sauer,Lillie Little Avenue  ,6754574628
322,Cedric Ondricka,Velva Hessel Street  ,5794818591
323,Robert Kulas,Halina Sauer Road  ,6174619375
324,Juan Eichmann,Lashawna Okuneva Road  ,3812567429
325,Leanora Keeling,Florentina Dooley Road  ,7242474168
326,Lamont Grady,Kesha Kub Avenue  ,9534862516
327,Bethanie Hand,Dominica Reichert Avenue  ,2413817862
328,Stephan Kilback,Veronique Zboncak Avenue  ,7533895793
329,Latrisha Kohler,Rhett Gulgowski Road  ,8254825728
330,Inocencia Buckridge,Gary Rice Street  ,4266542189
331,Sydney Harber,Darin Hansen Street  ,8544325321
332,Lloyd Nader,Latashia Skiles Road  ,5268275273
333,Irina Kautzer,Jose Purdy Avenue  ,7469478763
334,Maryann Gerhold,Omer Metz Avenue  ,7495271594
335,Golda Walter,Bernardo Bode Street  ,7283975981
336,Latrisha Hauck,Broderick Sauer Road  ,6248593471
337,Deeann Hammes,Daniella Hickle Avenue  ,4879384972
338,Shad Gutmann,Nick Schmeler Road  ,6125899257
339,Terina Streich,Collin Langosh Avenue  ,6148399638
340,Altagracia Bartoletti,Cecille Kutch Avenue  ,5168369412
341,Pok Schuppe,Fritz Ledner Avenue  ,7632853482
342,Eileen Little,Hal Koelpin Avenue  ,5123947695
343,Demetrius Oberbrunner,Otis Runolfsdottir Street  ,9269859763
344,Refugio Glover,Asa Hills Street  ,7518316981
345,Dale Brown,Perla Adams Street  ,1571923728
346,Dewayne Greenholt,Justina Schaden Avenue  ,8619635476
347,Loree Wisoky,Phil Dicki Avenue  ,5635438145
348,Caleb Satterfield,Tammera Harber Road  ,6596246812
349,Dominique Ullrich,Lilly Koelpin Street  ,8497916389
350,Felisha Ruecker,Marco Rodriguez Road  ,8792317168
351,Fe Shields,Kathryne Kiehn Avenue  ,4262588716
352,Sol Kuhlman,Zoila Braun Avenue  ,5148791452
353,Brande Wuckert,Britt Osinski Road  ,7968193157
354,Martha Lang,Emery Abbott Avenue  ,7538561357
355,Aaron Schmitt,Juan Veum Avenue  ,6918321472
356,Gil Kautzer,Adam Prohaska Street  ,4268345128
357,Bart Rath,Frankie Klocko Avenue  ,1672315642
358,Dona Bauch,Kyle Hahn Avenue  ,6938433749
359,Melvin Gibson,Sharonda Reynolds Avenue  ,3581325231
360,Rolland Veum,Theo Mitchell Road  ,1238139467
361,Audra Ankunding,Rayford Pfannerstill Road  ,7295492546
362,Coral Goyette,Noel Labadie Street  ,6372935923
363,Sidney Kutch,Jamel Crona Road  ,4823827839
364,Mckinley Kling,Mary VonRueden Avenue  ,4683759387
365,Olin Feil,Alfred Weissnat Avenue  ,8575818759
366,Gus Bauch,Karin Gerhold Road  ,4382199273
367,Lesley Hagenes,Brigid Romaguera Street  ,3651536371
368,Anne Mohr,Iesha Hamill Avenue  ,4132932156
369,Mark Gutkowski,Bennett Champlin Avenue  ,1626353927
370,Gaylene Ortiz,Annalee Herman Road  ,9233583926
371,Rivka Stiedemann,Lorinda Emard Avenue  ,6972892953
372,Neil Johnson,Ezequiel Kuhlman Street  ,3685362375
373,Hang Larson,Kitty Marquardt Avenue  ,6914633715
374,Jovan Jakubowski,Rodger Hane Avenue  ,7497645814
375,Anton Maggio,Refugio Swaniawski Street  ,3497567138
376,Epifania Schuster,Pedro Dietrich Avenue  ,5837653847
377,Rudy Nikolaus,Tempie Morar Road  ,7821899125
378,Ned Lakin,Eric Kutch Avenue  ,9634954725
379,Jesusa Walker,Tambra Schamberger Avenue  ,6926978913
380,Gayla Schowalter,Caterina Klocko Street  ,1598494629
381,Karole Schoen,Savannah Considine Road  ,6357597532
382,Malcolm Simonis,Margit Marks Road  ,1838346518
383,Penny Kautzer,Alden Stoltenberg Road  ,1653742197
384,Alaine Kulas,Elisha Rippin Road  ,6978461743
385,Ginny Morissette,Glory Legros Street  ,8765144781
386,Armand Macejkovic,Pat Pollich Road  ,2459273617
387,Kaylee Emard,Andy Kovacek Road  ,2846394982
388,Ina Rutherford,Robt Reichel Road  ,9235162876
389,Ernesto Beatty,Jolie Kuhn Street  ,8396218426
390,Cierra Lakin,Shanti Feeney Road  ,4295434756
391,Karma Fahey,Ricky White Street  ,4255969813
392,Gene VonRueden,Magnolia Gutmann Avenue  ,2632569583
393,Lawanna McGlynn,Devin Hand Street  ,4638973956
394,Geoffrey Lowe,Gene Quigley Road  ,3587955692
395,Carola Weber,Camellia Fadel Street  ,8922345468
396,Lucilla Hickle,Carolann Johnston Avenue  ,7123717842
397,Kaylee Kling,Cyril Shanahan Street  ,2312817132
398,Alica Mayer,Magnolia Bauch Street  ,9565868245
399,Trenton Legros,Arnulfo Quigley Avenue  ,4958736425
400,Erwin Luettgen,Amelia Stiedemann Avenue  ,6747621487
401,Thanh Aimonetti,Saturnina Kovacek Avenue  ,3473625138
402,Rick O'Keefe,Ja Nikolaus Street  ,7962959873
403,Bradford King,Robbie Tromp Avenue  ,6181899851
404,Tod Nikolaus,Wayne Becker Avenue  ,7297848537
405,Arvilla Homenick,Verlie Heidenreich Avenue  ,7153572387
406,Cornell Kirlin,Keena Boehm Avenue  ,8299758452
407,Cory Klein,Emilio Padberg Avenue  ,3484254657
408,Carry Doyle,Isreal Waters Street  ,8173462537
409,Yolande Rath,Danny Konopelski Road  ,7916422697
410,Malcolm Dietrich,Akiko Maggio Road  ,7659478543
411,Irving Blick,Sebastian Brakus Avenue  ,5176925436
412,Maurice Bernier,Letitia Luettgen Avenue  ,5265724672
413,Jame McDermott,Joaquina Bernier Street  ,1565796742
414,Caitlyn Gleichner,Daisey Turner Avenue  ,4719285617
415,Suzie Koss,Quintin Kunze Road  ,4821489235
416,Tai Wiza,Cliff Terry Street  ,6544677298
417,Carylon Parker,Wes Jast Street  ,8527639837
418,Edwin Harvey,Malissa Terry Avenue  ,7215121763
419,Renaldo Frami,Misti Maggio Street  ,8977989175
420,Chasidy McKenzie,Loraine Kunze Avenue  ,9151878234
421,Romeo Steuber,Robt Franecki Avenue  ,3217592931
422,Laure Witting,Jake Walker Road  ,6895488792
423,Bradford Nikolaus,Alana Baumbach Road  ,1356275328
424,Nenita Baumbach,Kenisha Stroman Road  ,7952635823
425,Tory Stokes,Chad Harber Avenue  ,5186253245
426,Shaun Rice,Veola Powlowski Avenue  ,1698757863
427,Lincoln Williamson,Berneice Halvorson Street  ,4193473851
428,Coralie Schuppe,Vern Ondricka Street  ,5173653472
429,Margarete Walsh,Alan Beier Street  ,8591972851
430,Sang Hickle,Wan Streich Road  ,3154732517
431,Bernarda Metz,Estell Tremblay Road  ,2876414285
432,Oscar Runte,Rob Connelly Street  ,2957141672
433,Erna Kemmer,Johnna Kling Street  ,4599281243
434,Marlin Weber,Angelo Quitzon Street  ,3918249453
435,Garry Jacobi,Laure Bayer Road  ,3641386834
436,Stella Stracke,Lorraine Heidenreich Street  ,9748751428
437,Justin Kirlin,Wilfred Altenwerth Road  ,6546931592
438,Alfonzo Parisian,Bong O'Keefe Avenue  ,7163913478
439,Albert Cronin,Huey Champlin Avenue  ,7542677384
440,Akiko Adams,Salena Prohaska Avenue  ,8599676857
441,Nida Hane,Lizzette Kuvalis Street  ,6549459264
442,Elmira DuBuque,Tora Blanda Road  ,1295497423
443,Erasmo Klocko,Hildegarde Medhurst Road  ,3891244925
444,Paul Bechtelar,Manual Kemmer Avenue  ,9549544978
445,Jewell Stoltenberg,Priscilla Gaylord Street  ,9647214253
446,Ofelia Klocko,Cortez Nienow Street  ,5978547845
447,Bernice Bosco,Titus Crona Avenue  ,9266476412
448,Joan Gerlach,Berta Graham Street  ,1426252843
449,Jacques Larkin,Howard Olson Road  ,1892989163
450,Elina Frami,Beryl Aufderhar Street  ,6875285241
451,Melissa Botsford,Ignacio Dickens Street  ,7411349265
452,Sterling Lakin,Dino Quigley Avenue  ,8747653689
453,Virgilio Gaylord,Nick Block Street  ,9273851537
454,Jesica Jast,Grazyna Welch Road  ,9351293628
455,Vernell Adams,Domenica Boehm Avenue  ,1299859372
456,Edgar Harber,Dreama Predovic Road  ,4715927426
457,Florencia Larkin,Duane Jones Avenue  ,4923147631
458,Monty Strosin,Javier Cummerata Road  ,4857943269
459,Sammy Collins,Lawanda Hansen Street  ,6345844936
460,Grover Littel,Clifton Kozey Street  ,7363922431
461,Hugh Dickinson,Lincoln Jacobi Avenue  ,7562846213
462,Sergio Douglas,Tyson Smitham Road  ,3651753659
463,Stuart Stark,Norah Tillman Road  ,6315836842
464,Elizbeth Jast,Sharell Jewess Road  ,3877249417
465,Chantal Maggio,Belkis Thiel Road  ,9256532537
466,Mohammad Aimonetti,Miyoko Mraz Road  ,1783419374
467,Janeth Franecki,Walter Prohaska Avenue  ,1458963582
468,Stacy Jacobi,Manie Larkin Road  ,1766548463
469,Erich Schmitt,Wen Gaylord Avenue  ,2832152893
470,Bridgett Jaskolski,Charlie Schaefer Avenue  ,2962755791
471,Camie Moore,Ping Monahan Street  ,3184686413
472,Zoila McGlynn,Alona Klocko Street  ,5792619243
473,Nickie Bernhard,Mei Connelly Street  ,4863291873
474,Lupe Mitchell,Frances Gottlieb Road  ,8322141243
475,Casandra VonRueden,Yoshie Luettgen Avenue  ,6453575672
476,Cassy Trantow,Josephine O'Connell Street  ,9427167249
477,Francesco Gutmann,Nicolas Lynch Street  ,9246959623
478,Kaylee McDermott,Marge O'Keefe Avenue  ,7156759481
479,Edie Feeney,Tillie Gaylord Street  ,1934158192
480,Felicitas Pollich,Louis Windler Street  ,7845385761
481,Columbus Kulas,Wyatt Borer Road  ,5921651935
482,Dane Morar,Moses Labadie Road  ,5721954137
483,Roberta Champlin,Tod Kertzmann Road  ,7214523671
484,Willia Funk,Rachal Will Avenue  ,5328641425
485,Elliot O'Keefe,Toi Kuhlman Avenue  ,1425749846
486,Kent Braun,Franchesca Price Street  ,3915492819
487,Emery Streich,Kimbra VonRueden Avenue  ,2713185312
488,Terra Okuneva,Margarito Zulauf Road  ,7354972759
489,Deeanna Borer,Lindsay Spencer Avenue  ,6514132149
490,Jaunita Russel,Trinity Stehr Road  ,9819472639
491,Annamae Kessler,Caitlyn Stamm Street  ,1658971749
492,Georgiann Senger,Garland King Avenue  ,7199422175
493,Elayne Stamm,Roxanna Langworth Road  ,9161797893
494,Bradley Russel,Garret Hermiston Road  ,3573968934
495,Marquis Gleason,Maranda Littel Road  ,3755144315
496,Millard Haley,Layla Baumbach Street  ,7949182837
497,Starr Padberg,Kurtis Tillman Road  ,7184878479
498,Dee Kris,Dagmar Russel Road  ,1969268621
499,Hai Krajcik,Chase Wiegand Road  ,2538568974
500,Shameka Hane,Ruby Ernser Avenue  ,9688141573
